{"cameraMode":{"drawMode":0,"name":"Shaded","section":"Shading Mode"},"sceneLighting":false,"audioPlay":false,"sceneViewState":{"showFog":true,"showMaterialUpdate":false,"showSkybox":false,"showFlares":true,"showImageEffects":true,"showParticleSystems":true},"in2DMode":false,"pivot":{"x":-0.22742104530334474,"y":4.638106346130371,"z":0.31167423725128176},"rotation":{"x":-0.21654178202152253,"y":-0.6042035818099976,"z":0.17525294423103333,"w":-0.7465499639511108},"size":2.742077589035034,"orthographic":false}