{"cameraMode":{"drawMode":0,"name":"Shaded","section":"Shading Mode"},"sceneLighting":true,"audioPlay":false,"sceneViewState":{"showFog":true,"showMaterialUpdate":false,"showSkybox":true,"showFlares":true,"showImageEffects":true,"showParticleSystems":true},"in2DMode":false,"pivot":{"x":-1.5193324089050294,"y":0.5445187091827393,"z":7.285137176513672},"rotation":{"x":0.053539857268333438,"y":0.1263735145330429,"z":-0.006830855272710323,"w":0.9905140399932861},"size":30.8798885345459,"orthographic":false}