{"cameraMode":{"drawMode":0,"name":"Shaded","section":"Shading Mode"},"sceneLighting":false,"audioPlay":false,"sceneViewState":{"showFog":true,"showMaterialUpdate":false,"showSkybox":false,"showFlares":true,"showImageEffects":true,"showParticleSystems":true},"in2DMode":false,"pivot":{"x":-0.9462790489196777,"y":-1.097853183746338,"z":0.7613769769668579},"rotation":{"x":-0.23417992889881135,"y":-0.5072601437568665,"z":0.14548547565937043,"w":-0.8165068030357361},"size":6.300058364868164,"orthographic":false}